codons	Standard_code	Acanthogammarus_victorii	Eulimnogammarus_vittatus	Gmelinoides_fasciatus
TTT	F	F	F	F
TTC	F	F	F	F
TTA	L	L	L	L
TTG	L	L	L	L
CTT	L	L	L	L
CTC	L	L	L	L
CTA	L	L	L	L
CTG	L	L	L	L
ATT	I	I	I	I
ATC	I	I	I	I
ATA	M	M	M	M
ATG	M	M	M	M
GTT	V	V	V	V
GTC	V	V	V	V
GTA	V	V	V	V
GTG	V	V	V	V
TCT	S	S	S	S
TCC	S	S	S	S
TCA	S	S	S	S
TCG	S	S	S	S
CCT	P	P	P	P
CCC	P	P	P	P
CCA	P	P	L	P
CCG	P	P	P	P
ACT	T	T	T	T
ACC	T	T	T	T
ACA	T	T	T	T
ACG	T	T	T	T
GCT	A	A	A	A
GCC	A	A	A	A
GCA	A	I	A	A
GCG	A	A	A	A
TAT	Y	Y	Y	Y
TAC	Y	D	Y	Y
TAA	*	*	*	*
TAG	*	*	*	*
CAT	H	H	H	H
CAC	H	H	H	H
CAA	Q	Q	Q	H
CAG	Q	Q	Q	Q
AAT	N	N	N	N
AAC	N	N	N	N
AAA	K	K	K	K
AAG	K	K	K	K
GAT	D	D	D	D
GAC	D	H	D	D
GAA	E	E	E	E
GAG	E	E	E	E
TGT	C	C	C	C
TGC	C	C	C	C
TGA	W	W	W	W
TGG	W	W	W	W
CGT	R	R	R	R
CGC	R	R	R	R
CGA	R	R	R	R
CGG	R	R	R	R
AGT	S	S	S	S
AGC	S	S	S	S
AGA	S	S	S	S
AGG	S	S	S	S
GGT	G	G	G	G
GGC	G	G	G	G
GGA	G	G	G	G
GGG	G	G	G	G
